{
"width": 2826, "height": 2916,
"format": "jpg",
"type":"hsh",
"colorspace":"rgb",
"nplanes": 12,
"quality": 95,
"materials": [
{
 "scale": [1.90678,1.90678,1.90678,1.54028,1.54028,1.54028,1.16426,1.16426,1.16426,1.55972,1.55972,1.55972],
 "bias": [0,0,0,0.480843,0.480843,0.480843,0.222461,0.222461,0.222461,0.526464,0.526464,0.526464] }
]
}
