{
"width": 1733, "height": 2158,
"format": "jpg",
"type":"hsh",
"colorspace":"rgb",
"nplanes": 12,
"quality": 95,
"materials": [
{
 "scale": [1.76228,1.76228,1.76228,1.81674,1.81674,1.81674,1.07107,1.07107,1.07107,1.73861,1.73861,1.73861],
 "bias": [0,0,0,0.501554,0.501554,0.501554,0.117996,0.117996,0.117996,0.507481,0.507481,0.507481] }
]
}
