{
"width": 2938, "height": 3122,
"format": "jpg",
"type":"hsh",
"colorspace":"rgb",
"lights": [-0.292, -0.713, 0.638, -0.213, -0.696, 0.686, -0.402, -0.692, 0.600, -0.305, -0.585, 0.751, -0.587, -0.354, 0.729, -0.432, -0.314, 0.845, -0.655, -0.032, 0.755, -0.487, -0.071, 0.871, -0.548, 0.388, 0.741, -0.448, 0.326, 0.832, -0.403, 0.751, 0.523, -0.292, 0.613, 0.734, -0.227, 0.489, 0.842, -0.042, 0.841, 0.539, 0.006, 0.745, 0.667, 0.036, 0.639, 0.768, 0.539, 0.831, 0.140, 0.473, 0.773, 0.423, 0.429, 0.715, 0.552, 0.386, 0.631, 0.673, 0.829, 0.551, 0.100, 0.762, 0.570, 0.308, 0.714, 0.512, 0.478, 0.629, 0.482, 0.609, 0.998, 0.057, 0.039, 0.978, 0.097, 0.183, 0.885, 0.097, 0.456, 0.792, 0.093, 0.603, 0.775, -0.626, 0.083, 0.794, -0.507, 0.336, 0.774, -0.385, 0.504, 0.711, -0.342, 0.614, 0.670, -0.330, 0.665, 0.284, -0.929, 0.237, 0.294, -0.876, 0.384, 0.297, -0.736, 0.609, 0.323, -0.549, 0.771, 0.131, -0.931, 0.340, 0.249, -0.723, 0.644],
"nplanes": 27,
"quality": 95,
"materials": [
{
 "scale": [1.72031,1.66335,1.63014,1.91128,1.84238,1.78787,1.54774,1.47162,1.42754,1.5744,1.54902,1.49572,0.843128,0.820099,0.779848,1.20874,1.20093,1.11306,0.913699,0.891786,0.855782,0.74278,0.726112,0.712141,0.874085,0.866368,0.823556],
 "bias": [0.000899692,-0.000172089,0.0164139,0.353616,0.353476,0.355845,0.225927,0.222837,0.216201,0.509195,0.511355,0.509454,0.505878,0.516006,0.524753,0.466708,0.454712,0.472519,0.438656,0.440657,0.430335,0.574575,0.577451,0.577952,0.515593,0.500675,0.508044] }
]
}
