{
"width": 5673, "height": 5157,
"format": "jpg",
"type":"hsh",
"colorspace":"rgb",
"lights": [-0.002, 0.968, 0.249, 0.403, 0.890, 0.215, 0.723, 0.658, 0.208, 0.908, 0.365, 0.205, 0.975, 0.096, 0.200, 0.914, -0.340, 0.223, 0.715, -0.651, 0.255, 0.479, -0.831, 0.282, 0.489, -0.824, 0.287, 0.061, -0.953, 0.298, -0.322, -0.891, 0.321, -0.642, -0.696, 0.323, -0.888, -0.321, 0.330, -0.951, 0.041, 0.305, -0.780, 0.542, 0.312, -0.596, 0.755, 0.274, -0.410, 0.872, 0.266, -0.329, 0.799, 0.502, -0.670, 0.554, 0.494, -0.824, 0.240, 0.514, -0.833, -0.068, 0.549, -0.667, -0.519, 0.535, -0.396, -0.741, 0.542, -0.039, -0.852, 0.522, 0.416, -0.772, 0.480, 0.744, -0.464, 0.482, 0.881, -0.062, 0.468, 0.827, 0.321, 0.462, 0.685, 0.561, 0.464, 0.461, 0.743, 0.485, 0.304, 0.811, 0.500, 0.127, 0.860, 0.494, 0.223, 0.695, 0.684, 0.484, 0.549, 0.682, 0.668, 0.259, 0.698, 0.678, -0.046, 0.734, 0.602, -0.358, 0.713, 0.317, -0.571, 0.757, 0.068, -0.633, 0.772, -0.250, -0.576, 0.778, -0.447, -0.481, 0.754, -0.608, -0.240, 0.756, -0.698, -0.064, 0.713, -0.634, 0.233, 0.737, -0.483, 0.419, 0.769, -0.343, 0.598, 0.725, -0.270, 0.646, 0.714, -0.447, 0.236, 0.863, -0.509, -0.204, 0.836, -0.117, -0.536, 0.836, 0.361, -0.450, 0.817, 0.600, -0.030, 0.800, 0.404, 0.542, 0.736, 0.289, 0.945, 0.156, 0.993, 0.035, 0.115, 0.181, -0.963, 0.198, -0.705, -0.669, 0.235],
"nplanes": 27,
"quality": 95,
"materials": [
{
 "scale": [1.1902,1.23359,1.25748,1.43904,1.39223,1.39794,1.02449,0.967061,0.943635,1.45946,1.4061,1.37657,0.676441,0.668926,0.661833,0.558494,0.517268,0.517722,0.819541,0.761908,0.747834,0.505693,0.470475,0.465245,0.527292,0.513653,0.504746],
 "bias": [-0.345207,-0.256514,-0.207299,0.5088,0.51002,0.505303,0.127891,0.131156,0.131644,0.504316,0.492851,0.479878,0.342758,0.339094,0.341823,0.535451,0.545571,0.552236,0.572332,0.584345,0.586341,0.542209,0.54313,0.55209,0.485154,0.492178,0.488371] }
]
}
