{
"width": 3466, "height": 4995,
"format": "jpg",
"type":"hsh",
"colorspace":"rgb",
"lights": [-0.475, 0.403, 0.782, -0.307, 0.533, 0.789, -0.255, 0.572, 0.780, -0.549, 0.261, 0.794, -0.602, 0.004, 0.798, -0.553, -0.188, 0.811, -0.399, -0.420, 0.815, 0.049, -0.624, 0.780, 0.511, -0.383, 0.769, 0.646, -0.018, 0.763, 0.567, 0.325, 0.757, 0.295, 0.652, 0.699, 0.244, 0.679, 0.693, 0.114, 0.694, 0.711, -0.006, 0.875, 0.484, 0.307, 0.825, 0.475, 0.533, 0.680, 0.504, 0.644, 0.586, 0.492, 0.843, 0.239, 0.482, 0.838, -0.260, 0.480, 0.618, -0.621, 0.482, 0.062, -0.869, 0.491, -0.458, -0.725, 0.514, -0.719, -0.426, 0.549, -0.720, -0.439, 0.538, -0.828, 0.079, 0.555, -0.598, 0.624, 0.503, -0.475, 0.714, 0.514, -0.253, 0.810, 0.529, -0.212, 0.942, 0.260, 0.125, 0.963, 0.240, 0.428, 0.873, 0.232, 0.717, 0.658, 0.229, 0.885, 0.407, 0.226, 0.973, -0.003, 0.230, 0.766, -0.596, 0.240, 0.311, -0.913, 0.262, -0.167, -0.946, 0.279, -0.146, -0.947, 0.286, -0.578, -0.763, 0.289, -0.872, -0.383, 0.306, -0.952, -0.016, 0.305, -0.720, 0.632, 0.286, -0.472, 0.839, 0.270, -0.264, 0.926, 0.270, 0.104, -0.978, 0.182, -0.897, -0.381, 0.224, 0.492, 0.859, 0.143],
"nplanes": 27,
"quality": 95,
"materials": [
{
 "scale": [1.57037,1.58735,1.55643,1.44384,1.40943,1.34483,0.876254,0.91846,0.915883,1.41692,1.34798,1.27852,0.586957,0.586223,0.580986,0.558795,0.528305,0.524496,0.725916,0.671157,0.613124,0.525331,0.524456,0.495494,0.548943,0.536678,0.523965],
 "bias": [-0.237137,-0.189459,-0.159497,0.497271,0.506246,0.507496,-0.0647437,0.0112543,0.0578142,0.493589,0.475205,0.473879,0.394382,0.390631,0.385122,0.564992,0.559795,0.551601,0.381,0.388228,0.412692,0.529601,0.5591,0.583016,0.444157,0.447069,0.443555] }
]
}
