{
"width": 3132, "height": 3273,
"format": "jpg",
"type":"hsh",
"colorspace":"rgb",
"lights": [-0.346, -0.885, 0.312, -0.334, -0.841, 0.426, -0.267, -0.762, 0.590, -0.142, -0.635, 0.760, -0.580, -0.740, 0.341, -0.498, -0.658, 0.564, -0.408, -0.503, 0.761, -0.300, -0.410, 0.861, -0.767, -0.455, 0.452, -0.693, -0.428, 0.580, -0.546, -0.387, 0.743, -0.374, -0.326, 0.868, -0.896, -0.071, 0.438, -0.784, -0.039, 0.619, -0.634, -0.031, 0.773, -0.506, -0.019, 0.862, -0.805, 0.393, 0.445, -0.667, 0.342, 0.662, -0.523, 0.284, 0.803, -0.415, 0.209, 0.885, -0.500, 0.775, 0.386, -0.383, 0.689, 0.615, -0.302, 0.608, 0.734, -0.231, 0.491, 0.840, -0.063, 0.940, 0.337, 0.051, 0.835, 0.549, 0.104, 0.720, 0.686, 0.157, 0.601, 0.784, 0.537, 0.822, 0.191, 0.577, 0.721, 0.385, 0.568, 0.612, 0.551, 0.523, 0.517, 0.678, 0.926, 0.363, 0.107, 0.873, 0.338, 0.352, 0.801, 0.280, 0.530, 0.665, 0.246, 0.705, 0.998, 0.020, 0.052, 0.903, 0.036, 0.428, 0.759, -0.004, 0.651, 0.697, -0.018, 0.717, 0.550, -0.828, 0.111, 0.535, -0.788, 0.305, 0.501, -0.707, 0.500, 0.454, -0.603, 0.655, 0.156, -0.930, 0.332, 0.182, -0.901, 0.394, 0.270, -0.723, 0.636, 0.336, -0.515, 0.789],
"nplanes": 27,
"quality": 95,
"materials": [
{
 "scale": [1.629,1.68863,1.73162,1.50134,1.51776,1.51388,1.13092,1.13369,1.14453,1.46227,1.50778,1.53218,0.577554,0.581336,0.587127,0.833461,0.845478,0.847706,0.89584,0.899471,0.902273,0.575759,0.58137,0.591137,0.622395,0.632227,0.656058],
 "bias": [-0.00545813,-0.00521718,-0.00566348,0.487824,0.486625,0.480103,0.174857,0.173126,0.175675,0.503327,0.504348,0.508245,0.558871,0.55253,0.54861,0.572434,0.566631,0.573134,0.448043,0.449593,0.452238,0.497793,0.504516,0.506772,0.43773,0.440475,0.448419] }
]
}
