{
"width": 5510, "height": 5091,
"format": "jpg",
"type":"hsh",
"colorspace":"rgb",
"lights": [0.313, 0.593, 0.742, 0.551, 0.422, 0.719, 0.639, -0.048, 0.767, 0.489, -0.494, 0.719, 0.094, -0.656, 0.749, -0.277, -0.602, 0.749, -0.505, -0.379, 0.776, -0.606, -0.144, 0.782, -0.670, 0.039, 0.741, -0.514, 0.313, 0.799, -0.342, 0.533, 0.774, -0.408, 0.672, 0.618, -0.658, 0.450, 0.604, -0.780, 0.158, 0.606, -0.778, -0.204, 0.595, -0.604, -0.545, 0.582, -0.327, -0.760, 0.562, 0.034, -0.819, 0.573, 0.453, -0.699, 0.554, 0.721, -0.448, 0.529, 0.849, -0.085, 0.521, 0.805, 0.283, 0.522, 0.537, 0.674, 0.508, 0.334, 0.758, 0.560, 0.180, 0.808, 0.560, 0.107, 0.943, 0.316, 0.568, 0.770, 0.289, 0.885, 0.370, 0.281, 0.951, -0.102, 0.293, 0.774, -0.566, 0.283, 0.457, -0.851, 0.259, 0.012, -0.953, 0.302, -0.390, -0.851, 0.351, -0.772, -0.523, 0.363, -0.912, -0.172, 0.374, -0.884, 0.268, 0.383, -0.727, 0.574, 0.378, -0.459, 0.809, 0.367, -0.224, 0.917, 0.332, -0.526, 0.828, 0.193, -0.927, 0.302, 0.223, -0.920, -0.319, 0.227, -0.571, -0.801, 0.180, -0.058, -0.991, 0.124, 0.694, -0.718, 0.063, 0.993, -0.105, 0.049, 0.649, 0.757, 0.078, 0.232, 0.960, 0.155, -0.020, 0.985, 0.172],
"nplanes": 27,
"quality": 95,
"materials": [
{
 "scale": [1.25283,1.31836,1.35008,1.49355,1.4164,1.39966,1.04463,1.03098,1.04776,1.44876,1.39342,1.3343,0.642526,0.633752,0.63882,0.605868,0.566326,0.593089,0.674608,0.719319,0.747525,0.592744,0.549899,0.541864,0.521785,0.510548,0.490576],
 "bias": [-0.273485,-0.187446,-0.147643,0.493241,0.494687,0.481792,0.0866736,0.0886686,0.0991282,0.507492,0.510245,0.512486,0.370237,0.370678,0.386425,0.497961,0.50392,0.494124,0.540178,0.53499,0.539965,0.528535,0.540011,0.538053,0.466295,0.465848,0.471085] }
]
}
