{
"width": 3533, "height": 5037,
"format": "jpg",
"type":"hsh",
"colorspace":"rgb",
"lights": [-0.118, 0.964, 0.240, 0.264, 0.942, 0.209, 0.613, 0.763, 0.203, 0.840, 0.501, 0.209, 0.973, 0.063, 0.222, 0.880, -0.420, 0.224, 0.493, -0.833, 0.250, -0.077, -0.958, 0.275, -0.537, -0.795, 0.283, -0.824, -0.490, 0.285, -0.942, -0.156, 0.297, -0.854, 0.432, 0.290, -0.837, 0.460, 0.297, -0.570, 0.775, 0.274, -0.254, 0.932, 0.257, -0.324, 0.805, 0.497, -0.617, 0.614, 0.492, -0.798, 0.308, 0.517, -0.806, 0.341, 0.484, -0.851, 0.090, 0.517, -0.723, -0.462, 0.514, -0.346, -0.781, 0.520, 0.127, -0.854, 0.504, 0.593, -0.651, 0.475, 0.868, -0.040, 0.495, 0.719, 0.498, 0.484, 0.521, 0.709, 0.474, 0.090, 0.873, 0.479, 0.262, 0.682, 0.683, 0.411, 0.583, 0.701, 0.597, 0.293, 0.747, 0.673, 0.012, 0.739, 0.524, -0.383, 0.761, 0.211, -0.624, 0.752, -0.140, -0.642, 0.754, -0.514, -0.444, 0.734, -0.677, -0.176, 0.715, -0.693, 0.059, 0.718, -0.636, 0.376, 0.673, -0.484, 0.564, 0.669, -0.361, 0.643, 0.675, 0.109, -0.563, 0.819, -0.496, -0.310, 0.811, -0.587, 0.200, 0.785, 0.635, -0.125, 0.762, 0.477, 0.457, 0.751, 0.238, 0.548, 0.802],
"nplanes": 27,
"quality": 95,
"materials": [
{
 "scale": [1.51018,1.5377,1.48166,1.45463,1.43714,1.34712,0.931742,0.920631,0.859651,1.47655,1.44514,1.41459,0.534689,0.528991,0.526377,0.555055,0.525516,0.479815,0.788313,0.750389,0.697861,0.494705,0.488125,0.454872,0.538641,0.524021,0.509702],
 "bias": [-0.26823,-0.204255,-0.167442,0.497135,0.495508,0.484352,-0.0156783,0.0175938,0.0476086,0.484052,0.480363,0.468687,0.478605,0.475638,0.467758,0.476513,0.471346,0.481839,0.453641,0.456842,0.459293,0.466398,0.45387,0.450164,0.51308,0.509095,0.504168] }
]
}
