{
"width": 2473, "height": 3084,
"format": "jpg",
"type":"hsh",
"colorspace":"rgb",
"nplanes": 12,
"quality": 95,
"materials": [
{
 "scale": [1.72341,1.72341,1.72341,1.6236,1.6236,1.6236,1.13142,1.13142,1.13142,1.62185,1.62185,1.62185],
 "bias": [0,0,0,0.476964,0.476964,0.476964,0.163297,0.163297,0.163297,0.516934,0.516934,0.516934] }
]
}
