{
"width": 4018, "height": 5749,
"format": "jpg",
"type":"hsh",
"colorspace":"rgb",
"lights": [0.215, 0.941, 0.261, 0.627, 0.739, 0.248, 0.919, 0.297, 0.260, 0.914, -0.300, 0.273, 0.675, -0.675, 0.297, 0.189, -0.935, 0.301, -0.294, -0.903, 0.314, -0.710, -0.626, 0.322, -0.906, -0.265, 0.330, -0.943, 0.089, 0.321, -0.819, 0.487, 0.302, -0.586, 0.757, 0.289, -0.285, 0.917, 0.279, -0.344, 0.794, 0.500, -0.769, 0.377, 0.516, -0.830, -0.137, 0.540, -0.593, -0.619, 0.516, -0.096, -0.837, 0.539, 0.364, -0.776, 0.516, 0.788, -0.363, 0.497, 0.865, 0.057, 0.498, 0.751, 0.428, 0.503, 0.442, 0.748, 0.495, 0.186, 0.825, 0.533, 0.297, 0.706, 0.643, 0.711, 0.260, 0.653, 0.609, -0.401, 0.685, 0.201, -0.701, 0.684, -0.339, -0.664, 0.667, -0.701, -0.285, 0.653, -0.688, 0.274, 0.672, -0.461, 0.593, 0.660, -0.424, 0.320, 0.847, -0.569, 0.044, 0.821, -0.472, -0.353, 0.808, -0.072, -0.552, 0.831, 0.385, -0.483, 0.786, 0.596, -0.072, 0.800, 0.523, 0.335, 0.784, 0.393, 0.537, 0.747],
"nplanes": 27,
"quality": 95,
"materials": [
{
 "scale": [1.58985,1.59672,1.68576,1.61389,1.58707,1.60888,1.17994,1.1168,1.1257,1.60527,1.58213,1.60861,0.787446,0.791409,0.834581,0.69584,0.656214,0.614144,1.0841,1.01016,0.956849,0.721167,0.670181,0.634963,0.671286,0.694691,0.724613],
 "bias": [-0.253553,-0.198135,-0.160807,0.512857,0.525735,0.528421,0.0433436,0.0616395,0.0876357,0.491193,0.498272,0.498845,0.386905,0.35314,0.342631,0.505118,0.499641,0.492365,0.539646,0.538063,0.515784,0.516877,0.520667,0.518005,0.501381,0.503569,0.502867] }
]
}
