{
"width": 2138, "height": 2365,
"format": "jpg",
"type":"hsh",
"colorspace":"rgb",
"lights": [-0.292, -0.912, 0.287, -0.357, -0.846, 0.397, -0.308, -0.667, 0.679, -0.298, -0.560, 0.773, -0.531, -0.781, 0.329, -0.508, -0.660, 0.553, -0.469, -0.578, 0.667, -0.656, -0.497, 0.568, -0.566, -0.456, 0.687, -0.438, -0.379, 0.815, -0.847, -0.081, 0.525, -0.732, -0.104, 0.673, -0.609, -0.082, 0.789, -0.759, 0.491, 0.427, -0.719, 0.362, 0.594, -0.558, 0.282, 0.780, -0.445, 0.793, 0.415, -0.448, 0.653, 0.610, -0.328, 0.526, 0.785, 0.372, 0.741, 0.558, 0.310, 0.645, 0.698, 0.158, 0.532, 0.832, 0.652, 0.375, 0.660, 0.479, 0.352, 0.804, 0.346, 0.304, 0.887, 0.873, -0.054, 0.485, 0.779, -0.017, 0.627, 0.653, 0.027, 0.757, 0.526, 0.057, 0.849, 0.421, -0.453, 0.786, 0.307, -0.378, 0.873, 0.342, -0.838, 0.425, 0.272, -0.722, 0.636, 0.190, -0.587, 0.787, 0.119, -0.492, 0.862, 0.231, -0.390, 0.891, 0.290, -0.262, 0.921, 0.311, -0.076, 0.947, 0.241, 0.377, 0.894, 0.032, 0.515, 0.857, -0.204, 0.525, 0.826, -0.500, 0.416, 0.759, -0.592, 0.138, 0.794, -0.571, -0.067, 0.818, -0.454, -0.274, 0.848, -0.387, -0.357, 0.850],
"nplanes": 27,
"quality": 95,
"materials": [
{
 "scale": [2.02972,1.905,1.82546,1.68245,1.65241,1.63353,2.27647,2.27461,2.18967,1.65602,1.63791,1.58783,0.580069,0.568252,0.565223,0.885886,0.853197,0.887631,1.46211,1.41845,1.38596,0.695725,0.68359,0.676903,0.667511,0.661173,0.647993],
 "bias": [0.0494652,0.0294718,0.0309472,0.517078,0.514123,0.507727,0.217586,0.213128,0.216713,0.534142,0.530328,0.53373,0.567272,0.556715,0.551814,0.548811,0.515098,0.491938,0.532951,0.555782,0.566015,0.459814,0.462545,0.465762,0.498913,0.487203,0.472934] }
]
}
